<?xml version="1.0" encoding="UTF-8"?>
<od:definitions xmlns:od="http://tk/schema/od" xmlns:odDi="http://tk/schema/odDi" xmlns:dc="http://www.omg.org/spec/DD/20100524/DC">
  <od:odBoard id="Board">
    <od:class name="House" id="Object_1ouyujp" attributeValues="" caseClass="false" type="od:Class">
      <od:associations>Association_1i49xxh</od:associations>
      <od:associations>Association_0j586x2</od:associations>
    </od:class>
    <od:class name="Room" id="Object_0cxm3ht" attributeValues="" caseClass="false" type="od:Class" />
    <od:association id="Association_1i49xxh" type="od:Association" sourceCardinality="1..1" targetCardinality="0..1&#10;⬨1..1" sourceRef="Object_1ouyujp" targetRef="Object_0cxm3ht" />
    <od:class name="Project" id="Object_18hctab" attributeValues="" caseClass="true" type="od:Class" />
    <od:association id="Association_0j586x2" type="od:Association" sourceCardinality="0..*&#10;⬨2..*" targetCardinality="1..1" sourceRef="Object_1ouyujp" targetRef="Object_18hctab" inheritance="false" />
  </od:odBoard>
  <odDi:odRootBoard id="RootBoard">
    <odDi:odPlane id="Plane" boardElement="Board">
      <odDi:association id="Association_0j586x2_di" boardElement="Association_0j586x2">
        <odDi:waypoint x="345" y="120" />
        <odDi:waypoint x="345" y="-20" />
        <odDi:odSourceLabel>
          <dc:Bounds x="355" y="70" width="36" height="36" />
        </odDi:odSourceLabel>
        <odDi:odTargetLabel>
          <dc:Bounds x="360" y="-10" width="26" height="18" />
        </odDi:odTargetLabel>
      </odDi:association>
      <odDi:association id="Association_1i49xxh_di" boardElement="Association_1i49xxh">
        <odDi:waypoint x="420" y="165" />
        <odDi:waypoint x="580" y="165" />
        <odDi:odSourceLabel>
          <dc:Bounds x="435" y="166" width="26" height="18" />
        </odDi:odSourceLabel>
        <odDi:odTargetLabel>
          <dc:Bounds x="533" y="170" width="38" height="36" />
        </odDi:odTargetLabel>
      </odDi:association>
      <odDi:odShape id="Object_1ouyujp_di" boardElement="Object_1ouyujp">
        <dc:Bounds x="270" y="120" width="150" height="90" />
      </odDi:odShape>
      <odDi:odShape id="Object_0cxm3ht_di" boardElement="Object_0cxm3ht">
        <dc:Bounds x="580" y="120" width="150" height="90" />
      </odDi:odShape>
      <odDi:odShape id="Object_18hctab_di" boardElement="Object_18hctab">
        <dc:Bounds x="270" y="-110" width="150" height="90" />
      </odDi:odShape>
    </odDi:odPlane>
  </odDi:odRootBoard>
</od:definitions>
