<?xml version="1.0" encoding="UTF-8"?>
<om:definitions xmlns:om="http://tk/schema/od" xmlns:odDi="http://tk/schema/odDi" xmlns:dc="http://www.omg.org/spec/DD/20100524/DC">
  <om:odBoard id="Board">
    <om:object id="Object_0djkc2t" states="State_6ndkwf6mfvchm9hxwbqqqhmof" classRef="Object_18hctab" instance="ObjectInstance_1rt21pb" />
  </om:odBoard>
  <om:odBoard id="OdBoard_17dtsq0">
    <om:object id="Object_1gekyz3" states="State_4mlrxeu2ayqpdtuc8k2wwpf8r" classRef="Object_1ouyujp" instance="ObjectInstance_1bsv7cj" />
  </om:odBoard>
  <om:odBoard id="OdBoard_0ta0nfh">
    <om:object id="Object_0k15saz" states="State_2zpm7807edv1n2p60x8gb1vbz" classRef="Object_1ouyujp" instance="ObjectInstance_000k191" />
    <om:object id="Object_0qekn9z" states="State_4mlrxeu2ayqpdtuc8k2wwpf8r State_2zpm7807edv1n2p60x8gb1vbz" classRef="Object_1ouyujp" instance="ObjectInstance_1bsv7cj" />
  </om:odBoard>
  <om:objectInstance name="1" id="ObjectInstance_1bsv7cj" classRef="Object_1ouyujp" />
  <om:objectInstance name="2" id="ObjectInstance_000k191" classRef="Object_1ouyujp" />
  <om:objectInstance name="1" id="ObjectInstance_1rt21pb" classRef="Object_18hctab" />
  <odDi:odRootBoard id="StartBoard" name="Start State" objectiveRef="start_state">
    <odDi:odPlane id="Plane" boardElement="Board">
      <odDi:odShape id="Object_0djkc2t_di" boardElement="Object_0djkc2t">
        <dc:Bounds x="190" y="80" width="150" height="90" />
      </odDi:odShape>
    </odDi:odPlane>
  </odDi:odRootBoard>
  <odDi:odRootBoard id="OdRootBoard_1mnr89y" name="Objective 1" objectiveRef="Objective_ezwgv3aj8ywgtux8vgnfh9245">
    <odDi:odPlane id="OdPlane_1tdhhba" boardElement="OdBoard_17dtsq0">
      <odDi:odShape id="Object_1gekyz3_di" boardElement="Object_1gekyz3">
        <dc:Bounds x="200" y="80" width="150" height="90" />
      </odDi:odShape>
    </odDi:odPlane>
  </odDi:odRootBoard>
  <odDi:odRootBoard id="OdRootBoard_1sv7jda" name="Objective 2" objectiveRef="Objective_9qpv0trob09jf89d0af38c3gg">
    <odDi:odPlane id="OdPlane_0l8205l" boardElement="OdBoard_0ta0nfh">
      <odDi:odShape id="Object_0k15saz_di" boardElement="Object_0k15saz">
        <dc:Bounds x="270" y="80" width="150" height="90" />
      </odDi:odShape>
      <odDi:odShape id="Object_0qekn9z_di" boardElement="Object_0qekn9z">
        <dc:Bounds x="20" y="80" width="150" height="90" />
      </odDi:odShape>
    </odDi:odPlane>
  </odDi:odRootBoard>
</om:definitions>
