<?xml version="1.0" encoding="UTF-8"?>
<olc:definitions xmlns:olc="http://bptlab/schema/olc" xmlns:olcDi="http://bptlab/schema/olcDi">
  <olc:olc name="House" id="Olc_6kmxe2umb4sx919j9uumokjv7" classRef="Object_1ouyujp">
    <olc:state name="shell construction completed" id="State_e4f2iwqvcqkzg5wvniwxrvqzm" type="olc:State" x="287" y="136" />
    <olc:state name="painted" id="State_4mlrxeu2ayqpdtuc8k2wwpf8r" type="olc:State" x="433" y="269" />
    <olc:transition id="Transition_5w9k0jlfm5aumll50s73lru58" sourceState="State_e4f2iwqvcqkzg5wvniwxrvqzm" targetState="State_4mlrxeu2ayqpdtuc8k2wwpf8r" type="olc:Transition" />
    <olc:state name="tiled" id="State_2zpm7807edv1n2p60x8gb1vbz" type="olc:State" x="587" y="136" />
    <olc:transition id="Transition_7jnpr4k6xs9hvd5r52q2heipk" sourceState="State_e4f2iwqvcqkzg5wvniwxrvqzm" targetState="State_2zpm7807edv1n2p60x8gb1vbz" type="olc:Transition" />
    <olc:transition id="Transition_6u8gz2ojvq6024f8up4pga3ou" sourceState="State_4mlrxeu2ayqpdtuc8k2wwpf8r" targetState="State_2zpm7807edv1n2p60x8gb1vbz" type="olc:Transition" />
  </olc:olc>
  <olc:olc name="Room" id="Olc_clnvjb974j729yxsdzqmfqf61" classRef="Object_0cxm3ht">
    <olc:state name="walls put" id="State_07w5oekofsiw5fuz4my90pj4y" type="olc:State" x="398" y="151" />
    <olc:state name="painted" id="State_e8wlq5ua7bq50ut072yz5uck8" type="olc:State" x="581" y="48" />
    <olc:transition id="Transition_5payvd5gxkidypanjm0p8i8ve" sourceState="State_07w5oekofsiw5fuz4my90pj4y" targetState="State_e8wlq5ua7bq50ut072yz5uck8" type="olc:Transition" source="[object Object]" target="[object Object]" waypoints="[object Object],[object Object]" />
    <olc:state name="tiled" id="State_5a1mv492soe9cu3dav584k872" type="olc:State" x="563" y="290" />
    <olc:transition id="Transition_0ig4pll3i56s6ax4zwarou4rg" sourceState="State_07w5oekofsiw5fuz4my90pj4y" targetState="State_5a1mv492soe9cu3dav584k872" type="olc:Transition" source="[object Object]" target="[object Object]" waypoints="[object Object],[object Object]" />
  </olc:olc>
  <olc:olc name="Project" id="Olc_7nm0dnz9gupk21mwl5mcmd1e7" classRef="Object_18hctab">
    <olc:state name="started" id="State_1xjt703sna6199uh9009uonur" type="olc:State" x="0" y="-50" />
    <olc:state name="init" id="State_6ndkwf6mfvchm9hxwbqqqhmof" type="olc:State" x="-162" y="-50" />
    <olc:transition id="Transition_ay0v5s5df4guwpja2iqmmp0uv" sourceState="State_6ndkwf6mfvchm9hxwbqqqhmof" targetState="State_1xjt703sna6199uh9009uonur" type="olc:Transition" source="[object Object]" target="[object Object]" waypoints="[object Object],[object Object]" />
  </olc:olc>
</olc:definitions>
