<?xml version="1.0" encoding="UTF-8"?>
<rem:definitions xmlns:rem="http://tk/schema/od" xmlns:odDi="http://tk/schema/odDi" xmlns:dc="http://www.omg.org/spec/DD/20100524/DC">
  <rem:odBoard id="Board">
    <rem:resource name="Picasso" id="Object_1rxzete" capacity="2" availabilityStart="NaN" availabilityEnd="NaN" type="rem:Resource">
      <rem:roles>Role_1esin1j</rem:roles>
    </rem:resource>
    <rem:resource name="Michelangelo" id="Object_1lf18o4" capacity="1" availabilityStart="2" availabilityEnd="10" type="rem:Resource">
      <rem:roles>Role_0w3l4z5</rem:roles>
    </rem:resource>
    <rem:resource name="Bob" id="Object_1lkyyhk" capacity="3" availabilityStart="0" availabilityEnd="5" type="rem:Resource">
      <rem:roles>Role_0qpw9nw</rem:roles>
    </rem:resource>
  </rem:odBoard>
  <odDi:odRootBoard id="StartBoard">
    <odDi:odPlane id="Plane" boardElement="Board">
      <odDi:odShape id="Object_1rxzete_di" boardElement="Object_1rxzete">
        <dc:Bounds x="250" y="110" width="150" height="90" />
      </odDi:odShape>
      <odDi:odShape id="Object_1lf18o4_di" boardElement="Object_1lf18o4">
        <dc:Bounds x="430" y="110" width="150" height="90" />
      </odDi:odShape>
      <odDi:odShape id="Object_1lkyyhk_di" boardElement="Object_1lkyyhk">
        <dc:Bounds x="610" y="110" width="150" height="90" />
      </odDi:odShape>
    </odDi:odPlane>
  </odDi:odRootBoard>
</rem:definitions>
