<?xml version="1.0" encoding="UTF-8"?>
<rom:definitions xmlns:rom="http://tk/schema/od" xmlns:odDi="http://tk/schema/odDi" xmlns:dc="http://www.omg.org/spec/DD/20100524/DC">
  <rom:odBoard id="Board_debug">
    <rom:role name="Painter" id="Role_1esin1j" type="rom:Role" />
    <rom:role name="Tiler" id="Role_0w3l4z5" type="rom:Role" />
    <rom:role name="Builder" id="Role_0qpw9nw" type="rom:Role" />
  </rom:odBoard>
  <odDi:odRootBoard id="RootBoard_debug">
    <odDi:odPlane id="Plane_debug" boardElement="Board_debug">
      <odDi:odShape id="Role_1esin1j_di" boardElement="Role_1esin1j">
        <dc:Bounds x="270" y="170" width="150" height="90" />
      </odDi:odShape>
      <odDi:odShape id="Role_0w3l4z5_di" boardElement="Role_0w3l4z5">
        <dc:Bounds x="440" y="170" width="150" height="90" />
      </odDi:odShape>
      <odDi:odShape id="Role_0qpw9nw_di" boardElement="Role_0qpw9nw">
        <dc:Bounds x="610" y="170" width="150" height="90" />
      </odDi:odShape>
    </odDi:odPlane>
  </odDi:odRootBoard>
</rom:definitions>
